<?xml version="1.0" encoding="UTF-8" standalone="yes"?>
<!DOCTYPE  Members [
        <!ELEMENT Members (Member*)>
        <!ELEMENT Member (Name, DOB, Email_Address, Subscriber)>
            <!ELEMENT Name (Firstname, Surname)>
                <!ELEMENT Firstname (#PCDATA)>
                <!ELEMENT Surname (#PCDATA)>
            <!ELEMENT DOB (#PCDATA)>
            <!ELEMENT Email_Address (#PCDATA)>
            <!ELEMENT Subscriber (#PCDATA)>
        ]>
<Members>
    <Member>
        <Name>
            <Firstname>Rick</Firstname>
            <Surname>Grimes</Surname>
        </Name>
        <DOB>1973-09-14</DOB>
        <Email_Address>grimes-r@email.com</Email_Address>
        <Subscriber>true</Subscriber>
    </Member>
    <Member>
        <Name>
            <Firstname>Daryl</Firstname>
            <Surname>Dixon</Surname>
        </Name>
        <DOB>1969-01-06</DOB>
        <Email_Address>daryl-dix@gmail.com</Email_Address>
        <Subscriber>false</Subscriber>
    </Member>
    <Member>
        <Name>
            <Firstname>Glen</Firstname>
            <Surname>Rhee</Surname>
        </Name>
        <DOB>1983-12-21</DOB>
        <Email_Address>rhee_glen@hotmail.com</Email_Address>
        <Subscriber>true</Subscriber>
    </Member>
    <Member>
        <Name>
            <Firstname>Maggie</Firstname>
            <Surname>Greene</Surname>
        </Name>
        <DOB>1982-01-07</DOB>
        <Email_Address>maggie-greene@googlemail.co.uk</Email_Address>
        <Subscriber>false</Subscriber>
    </Member>
    <Member>
        <Name>
            <Firstname>Carl</Firstname>
            <Surname>Grimes</Surname>
        </Name>
        <DOB>1999-06-27</DOB>
        <Email_Address>grimes-c@email.com</Email_Address>
        <Subscriber>true</Subscriber>
    </Member>
    <Member>
        <Name>
            <Firstname>Michonne</Firstname>
            <Surname> </Surname>
        </Name>
        <DOB>1978-02-14</DOB>
        <Email_Address>michonne@email.com</Email_Address>
        <Subscriber>false</Subscriber>
    </Member>
    <Member>
        <Name>
            <Firstname>Carol</Firstname>
            <Surname>Peletier</Surname>
        </Name>
        <DOB>1965-05-23</DOB>
        <Email_Address>peletier-carol@email.ulster.ac.uk</Email_Address>
        <Subscriber>true</Subscriber>
    </Member>
    <Member>
        <Name>
            <Firstname>Negan</Firstname>
            <Surname> </Surname>
        </Name>
        <DOB>1966-04-22</DOB>
        <Email_Address>negan@vampirebat.com</Email_Address>
        <Subscriber>false</Subscriber>
    </Member>
    <Member>
        <Name>
            <Firstname>Abraham</Firstname>
            <Surname>Fort</Surname>
        </Name>
        <DOB>1964-11-30</DOB>
        <Email_Address>abraham_fort@gmail.com</Email_Address>
        <Subscriber>false</Subscriber>
    </Member>
</Members>