<?xml version="1.0" encoding="UTF-8"?>
<!DOCTYPE  Seasons [
        <!ELEMENT Seasons (Season*)>
        <!ELEMENT Season (Season_Number, Episode*)>
        <!ELEMENT Episode (Title, Image_Source, Description)>
        <!ELEMENT Title (#PCDATA)>
        <!ELEMENT Image_Source (#PCDATA)>
        <!ELEMENT Description (#PCDATA)>
        <!ELEMENT Season_Number (#PCDATA)>
        ]>
<Seasons>
    <Season>
        <Season_Number>7</Season_Number>
        <Episode>
            <Title>The Cell</Title>
            <Image_Source>http://img2.tvtome.com/i/tve/em/3424161.jpg</Image_Source>
            <Description>A completely new group of survivors living in an impressive community that seems to have it all, but for? a price, is introduced.</Description>
        </Episode>
        <Episode>
            <Title>The Journey so Far</Title>
            <Image_Source>http://img2.tvtome.com/i/tve/em/3423519.jpg</Image_Source>
            <Description />
        </Episode>
        <Episode>
            <Title>The Well</Title>
            <Image_Source>http://img2.tvtome.com/i/tve/em/3423141.jpg</Image_Source>
            <Description>Following a number of familiar faces, the group's introduced to a new well-established community that seems too good to be true.</Description>
        </Episode>
        <Episode>
            <Title>The Day Will Come When You Won't Be</Title>
            <Image_Source>http://img2.tvtome.com/i/tve/em/3422479.jpg</Image_Source>
            <Description>In the seventh-season premiere, Negan's actions will haunt the surviving members of Rick's group forever.</Description>
        </Episode>
    </Season>
    <Season>
        <Season_Number>6</Season_Number>
        <Episode>
            <Title>Something to Fear</Title>
            <Image_Source>http://img2.tvtome.com/i/tve/em/3363807.jpg</Image_Source>
            <Description>Rick and the group must go outside the walls to save one of their own. What they experience on the road will change their lives forever.</Description>
        </Episode>
        <Episode>
            <Title>East</Title>
            <Image_Source>http://img2.tvtome.com/i/tve/em/3357331.jpg</Image_Source>
            <Description>Alexandria is alerted after realizing someone is missing. Several search parties will venture out, but what they find isn't what they're hoping for.</Description>
        </Episode>
        <Episode>
            <Title>Twice as Far</Title>
            <Image_Source>http://img2.tvtome.com/i/tve/em/3357330.jpg</Image_Source>
            <Description>Two different groups leave Alexandria on supply runs. While both are concerned with the future of the community, immediate danger will derail them.</Description>
        </Episode>
        <Episode>
            <Title>The Same Boat</Title>
            <Image_Source>http://img2.tvtome.com/i/tve/em/3356789.jpg</Image_Source>
            <Description>After experiencing a minor success, there is a whole new set of issues when members of the group are taken and held hostage.</Description>
        </Episode>
        <Episode>
            <Title>Not Tomorrow Yet</Title>
            <Image_Source>http://img2.tvtome.com/i/tve/em/3353970.jpg</Image_Source>
            <Description>Rick and the group realize the only way to maintain the peace of Alexandria is to fight a new enemy. This time, though, the group might be outmatched.</Description>
        </Episode>
        <Episode>
            <Title>Knots Untie</Title>
            <Image_Source>http://img2.tvtome.com/i/tve/em/3352131.jpg</Image_Source>
            <Description>After Rick comes to the realization that Alexandria might not be as safe as he thought, decisions must be made about where to go.</Description>
        </Episode>
        <Episode>
            <Title>The Next World</Title>
            <Image_Source>http://img2.tvtome.com/i/tve/em/3347689.jpg</Image_Source>
            <Description>A seemingly simple scavenging run proves to be very tricky when the group isn't the only one vying for an unexpected supply goldmine.</Description>
        </Episode>
        <Episode>
            <Title>No Way Out</Title>
            <Image_Source>http://img2.tvtome.com/i/tve/em/3347281.jpg</Image_Source>
            <Description>With walkers inside the gates of Alexandria, Rick and the group are scared, outnumbered and things are only getting worse.</Description>
        </Episode>
        <Episode>
            <Title>Start to Finish</Title>
            <Image_Source>http://img2.tvtome.com/i/tve/em/3258349.jpg</Image_Source>
            <Description>After having a few moments of peace, trouble finds its way to Alexandria yet again. Only this time, the threat might be too big to defeat.</Description>
        </Episode>
        <Episode>
            <Title>Heads Up</Title>
            <Image_Source>http://img2.tvtome.com/i/tve/em/3256392.jpg</Image_Source>
            <Description>Alexandria is finally able to start pulling itself back together; and there's peace between the group and the Alexandrians, but no one knows how long it will last.</Description>
        </Episode>
        <Episode>
            <Title>Always Accountable</Title>
            <Image_Source>http://img2.tvtome.com/i/tve/em/3256209.jpg</Image_Source>
            <Description>Daryl, Abraham and Sasha run into multiple obstacles, including a new threat, while trying to return to Alexandria after a mission.</Description>
        </Episode>
        <Episode>
            <Title>Now</Title>
            <Image_Source>http://img2.tvtome.com/i/tve/em/3254591.jpg</Image_Source>
            <Description>The mood in Alexandria is quite grim after a number of setbacks. This might prove too much for the sheltered citizens inside the gates.</Description>
        </Episode>
        <Episode>
            <Title>Here's Not Here</Title>
            <Image_Source>http://img2.tvtome.com/i/tve/em/3254153.jpg</Image_Source>
            <Description>This episode introduces a new face to the show. With all that's gone on in the apocalypse, can people be trusted? Better yet, can they change?</Description>
        </Episode>
        <Episode>
            <Title>Thank You</Title>
            <Image_Source>http://img2.tvtome.com/i/tve/em/3253632.jpg</Image_Source>
            <Description>Rick and a small group run into multiple hurdles while trying to return to Alexandria. The biggest issue is... they might not all make it back.</Description>
        </Episode>
        <Episode>
            <Title>JSS</Title>
            <Image_Source>http://img2.tvtome.com/i/tve/em/3251918.jpg</Image_Source>
            <Description>As things begin to return to normal, a new problem arises for the Alexandrians.</Description>
        </Episode>
        <Episode>
            <Title>First Time Again</Title>
            <Image_Source>http://img2.tvtome.com/i/tve/em/3251598.jpg</Image_Source>
            <Description>In the Season 6 premiere, Rick and the group continue to have trouble assimilating into Alexandria. Multiple threats lead the community to adopt a mindset of hardness, while Rick's group must take a step back from the violence they've come to embrace.</Description>
        </Episode>
    </Season>
    <Season>
        <Season_Number>5</Season_Number>
        <Episode>
            <Title>Conquer</Title>
            <Image_Source>http://img2.tvtome.com/i/tve/em/3070940.jpg</Image_Source>
            <Description>Daryl experiences trouble on a run, while Rick and his group continue to feel like outsiders in Alexandria, where trouble is creeping into the gates.</Description>
        </Episode>
        <Episode>
            <Title>Try</Title>
            <Image_Source>http://img2.tvtome.com/i/tve/em/3069859.jpg</Image_Source>
            <Description>Rick and the group face setbacks as existence within the walls starts to mimic life outside.</Description>
        </Episode>
        <Episode>
            <Title>Spend</Title>
            <Image_Source>http://img2.tvtome.com/i/tve/em/3068925.jpg</Image_Source>
            <Description>Rick and his group face a number of challenges while trying to secure their new home.</Description>
        </Episode>
        <Episode>
            <Title>Forget</Title>
            <Image_Source>http://img2.tvtome.com/i/tve/em/3068531.jpg</Image_Source>
            <Description>Rick and the group continue to acclimate to their new surroundings.</Description>
        </Episode>
        <Episode>
            <Title>Remember</Title>
            <Image_Source>http://img2.tvtome.com/i/tve/em/3067003.jpg</Image_Source>
            <Description>Molding into a new lifestyle proves difficult for the group.</Description>
        </Episode>
        <Episode>
            <Title>The Distance</Title>
            <Image_Source>http://img2.tvtome.com/i/tve/em/3065802.jpg</Image_Source>
            <Description>After a spectacular storm, Rick and the group meet a seemingly friendly person.</Description>
        </Episode>
        <Episode>
            <Title>Them</Title>
            <Image_Source>http://img2.tvtome.com/i/tve/em/3065064.jpg</Image_Source>
            <Description>Life on the road has left the group beaten and beleaguered. Will they be able to trudge along? Are they even the same people they once were?</Description>
        </Episode>
        <Episode>
            <Title>What Happened and What's Going On</Title>
            <Image_Source>http://img2.tvtome.com/i/tve/em/3064559.jpg</Image_Source>
            <Description>After the recent trials the group has faced, a slight detour could be the solution they've been searching for.</Description>
        </Episode>
        <Episode>
            <Title>Coda</Title>
            <Image_Source>http://img2.tvtome.com/i/tve/em/3056306.jpg</Image_Source>
            <Description>Rick seeks a peaceful agreement when rules and morals are tossed aside by new enemies.</Description>
        </Episode>
        <Episode>
            <Title>Crossed</Title>
            <Image_Source>http://img2.tvtome.com/i/tve/em/3055192.jpg</Image_Source>
            <Description>Maggie tells the others that Eugene is still unconscious. Glenn asks if they should try to take Eugene back to the church.</Description>
        </Episode>
        <Episode>
            <Title>Consumed</Title>
            <Image_Source>http://img2.tvtome.com/i/tve/em/3054295.jpg</Image_Source>
            <Description>Cautiously, members of our group must venture into a familiar location on a heroic rescue mission. It's a huge stage, but so are the stakes.</Description>
        </Episode>
        <Episode>
            <Title>Self Help</Title>
            <Image_Source>http://img2.tvtome.com/i/tve/em/3054250.jpg</Image_Source>
            <Description>While on a mission, the group is confronted by new problems that test their ability to survive.</Description>
        </Episode>
        <Episode>
            <Title>Slabtown</Title>
            <Image_Source>http://img2.tvtome.com/i/tve/em/3052587.jpg</Image_Source>
            <Description>A group of other survivors are encountered.</Description>
        </Episode>
        <Episode>
            <Title>Four Walls and a Roof</Title>
            <Image_Source>http://img2.tvtome.com/i/tve/em/3051025.jpg</Image_Source>
            <Description>Rick and the group find themselves pitted against some very nasty people, but our group might just have a plan to gain the upper hand.</Description>
        </Episode>
        <Episode>
            <Title>Strangers</Title>
            <Image_Source>http://img2.tvtome.com/i/tve/em/3049683.jpg</Image_Source>
            <Description>With supplies running low, Rick leads a mission where the risk might not be worth the reward.</Description>
        </Episode>
        <Episode>
            <Title>No Sanctuary</Title>
            <Image_Source>http://img2.tvtome.com/i/tve/em/3049121.jpg</Image_Source>
            <Description>Rick and the group find themselves in a vulnerable situation in the Season 5 opener.</Description>
        </Episode>
    </Season>
    <Season>
        <Season_Number>4</Season_Number>
        <Episode>
            <Title>A</Title>
            <Image_Source>http://img2.tvtome.com/i/tve/em/3005926.jpg</Image_Source>
            <Description>As multiple paths collide, Rick comes face to face with sheer brutality. Will he and the group have what it takes to survive?</Description>
        </Episode>
        <Episode>
            <Title>Us</Title>
            <Image_Source>http://img2.tvtome.com/i/tve/em/3005925.jpg</Image_Source>
            <Description>Faith can be the most unyielding survival weapon, despite some survivors believing that brutality is what is needed to stay alive.</Description>
        </Episode>
        <Episode>
            <Title>The Grove</Title>
            <Image_Source>http://img2.tvtome.com/i/tve/em/3005924.jpg</Image_Source>
            <Description>Tyreese, Carol and the girls continue on their journey to Terminus. During the journey, they stop at a farm to rest and deal with their ever changing situation.</Description>
        </Episode>
        <Episode>
            <Title>Alone</Title>
            <Image_Source>http://img2.tvtome.com/i/tve/em/3005923.jpg</Image_Source>
            <Description>Beth and Daryl grow closer together as they find temporary shelter at a funeral home. Maggie splits from Bob and Sasha to go looking for Glenn by heading toward Terminus, but they follow after her in hopes of catching up with her.</Description>
        </Episode>
        <Episode>
            <Title>Still</Title>
            <Image_Source>http://img2.tvtome.com/i/tve/em/3005922.jpg</Image_Source>
            <Description>Daryl and Beth try to find some sort of goal in the zombie laden landscape. They discover more about each other and grow closer together.</Description>
        </Episode>
        <Episode>
            <Title>Claimed</Title>
            <Image_Source>http://img2.tvtome.com/i/tve/em/3005921.jpg</Image_Source>
            <Description>The survivors have journeyed into the world beyond the prison and have found it is populated with various people. Carl and Michonne search the neighborhood and discover tragedy while Rick encounters scavengers.
                A trio of survivors have found Glenn and Tara, and are on a mission to save the world.</Description>
        </Episode>
        <Episode>
            <Title>Inmates</Title>
            <Image_Source>http://img2.tvtome.com/i/tve/em/3005920.jpg</Image_Source>
            <Description>After the fall of the prison, multiple survivors have splintered into smaller groups. Maggie searches for Glenn and discovers the prison bus, while Tyreese runs across Carol who discover a way to the town of Terminus.</Description>
        </Episode>
        <Episode>
            <Title>After</Title>
            <Image_Source>http://img2.tvtome.com/i/tve/em/2996574.jpg</Image_Source>
            <Description>As the survivors of the prison assault try to regroup, Rick and Carl stumble upon a vacant house. After his vicious fight with the Governor, Rick is in desperate need to rest and heal.
                Michonne finds herself once again aloneMORE</Description>
        </Episode>
        <Episode>
            <Title>Too Far Gone</Title>
            <Image_Source>http://img2.tvtome.com/i/tve/em/2985386.jpg</Image_Source>
            <Description>Just when everything started to calm down at the prison, Rick and his group now face imminent danger and destruction. This time, they might not win.</Description>
        </Episode>
        <Episode>
            <Title>Dead Weight</Title>
            <Image_Source>http://img2.tvtome.com/i/tve/em/2985385.jpg</Image_Source>
            <Description>The Governor continues to struggle between his new responsibilities and trying to cope with his past losses. Once choices have been made, the Governor goes down a familiar path that will find him going after old enemies.</Description>
        </Episode>
        <Episode>
            <Title>Live Bait</Title>
            <Image_Source>http://img2.tvtome.com/i/tve/em/2985384.jpg</Image_Source>
            <Description>A familiar face returns as each member of the group struggles to find his or her humanity in a world of constant threats.</Description>
        </Episode>
        <Episode>
            <Title>Internment</Title>
            <Image_Source>http://img2.tvtome.com/i/tve/em/2985344.jpg</Image_Source>
            <Description>Hershel and others try to stabilize the sick cell block. Rick returns from his run to find the prison slowly deteriorating. With the collapsing fence and outside forces, the threats continue to pile on for the group of survivors.</Description>
        </Episode>
        <Episode>
            <Title>Indifference</Title>
            <Image_Source>http://img2.tvtome.com/i/tve/em/2966854.jpg</Image_Source>
            <Description>While on a supplies mission to a local college, members of the group run into multiple hurdles. Things at the prison are getting worse.</Description>
        </Episode>
        <Episode>
            <Title>Isolation</Title>
            <Image_Source>http://img2.tvtome.com/i/tve/em/2966853.jpg</Image_Source>
            <Description>As one group leaves the prison in search for supplies at a local college, those who stay must deal with recent losses while preserving what remains.</Description>
        </Episode>
        <Episode>
            <Title>Infected</Title>
            <Image_Source>http://img2.tvtome.com/i/tve/em/2966852.jpg</Image_Source>
            <Description>Infection reaches new bounds as Patrick is infected in the cell block. With turmoil on the horizon, Rick and the group attempt to stabilize the now dangerous prison.</Description>
        </Episode>
        <Episode>
            <Title>30 Days Without an Accident</Title>
            <Image_Source>http://img2.tvtome.com/i/tve/em/2966851.jpg</Image_Source>
            <Description>Old and new members of the group seem to have made themselves at home in the prison, when a scouting expedition for provisions goes terribly wrong.
                Rick has to deal with a lost soul outside the gates. But there is sudden danger looming inside the walls as well...</Description>
        </Episode>
    </Season>
    <Season>
        <Season_Number>3</Season_Number>
        <Episode>
            <Title>Welcome to the Tombs</Title>
            <Image_Source>http://img2.tvtome.com/i/tve/em/2636599.jpg</Image_Source>
            <Description>With The Governor's attack looming, Rick and his people need to determine if the prison is worth defending.</Description>
        </Episode>
        <Episode>
            <Title>This Sorrowful Life</Title>
            <Image_Source>http://img2.tvtome.com/i/tve/em/2636600.jpg</Image_Source>
            <Description>Rick and the group are forced to make huge sacrifice in order to sustain a truce with the Governor.</Description>
        </Episode>
        <Episode>
            <Title>Prey</Title>
            <Image_Source>http://img2.tvtome.com/i/tve/em/2663914.jpg</Image_Source>
            <Description>A traitor tries to sabotage the Governor's upcoming plans, while Andrea attempts to work her way back to the prison.
            </Description>
        </Episode>
        <Episode>
            <Title>Arrow on the Doorpost</Title>
            <Image_Source>http://img2.tvtome.com/i/tve/em/2636595.jpg</Image_Source>
            <Description>Rick and the Governor try to come up with a peace treaty.</Description>
        </Episode>
        <Episode>
            <Title>Clear</Title>
            <Image_Source>http://img2.tvtome.com/i/tve/em/2636594.jpg</Image_Source>
            <Description>Rick leads an expedition to get more weapons after realizing the group is outgunned against the Governor.</Description>
        </Episode>
        <Episode>
            <Title>I Ain't a Judas</Title>
            <Image_Source>http://img2.tvtome.com/i/tve/em/2630891.jpg</Image_Source>
            <Description>Rick and the group make a tough choice; Andrea grows uneasy at woodbury.</Description>
        </Episode>
        <Episode>
            <Title>Home</Title>
            <Image_Source>http://img2.tvtome.com/i/tve/em/2630890.jpg</Image_Source>
            <Description>The group debates the next step; Rick searches for a lost friend; Daryl and Merle question their choices; the Governor restores order within Woodbury.</Description>
        </Episode>
        <Episode>
            <Title>The Suicide King</Title>
            <Image_Source>http://img2.tvtome.com/i/tve/em/2616082.jpg</Image_Source>
            <Description>The survivors with Tyreese are trying to figure their place within the prison. Rick and company saves Daryl and Merle from Woodbury.</Description>
        </Episode>
        <Episode>
            <Title>Made to Suffer</Title>
            <Image_Source>http://img2.tvtome.com/i/tve/em/2595042.jpg</Image_Source>
            <Description>New threats to the Prison survivors arise while the Woodbury population readies for a new danger.</Description>
        </Episode>
        <Episode>
            <Title>When the Dead Come Knocking</Title>
            <Image_Source>http://img2.tvtome.com/i/tve/em/2581157.jpg</Image_Source>
            <Description>The Governor tries to get information out of Glenn and Maggie. Michonne arrives at the prison.</Description>
        </Episode>
        <Episode>
            <Title>Hounded</Title>
            <Image_Source>http://img2.tvtome.com/i/tve/em/2581896.jpg</Image_Source>
            <Description>Rick continues to struggle after the death of Lori while Glenn and Maggie go for a supply run. Andrea grows closer to the Governor.</Description>
        </Episode>
        <Episode>
            <Title>Say the Word</Title>
            <Image_Source>http://img2.tvtome.com/i/tve/em/2581155.jpg</Image_Source>
            <Description>After another loss, Rick struggles. Michonne remains suspicious of the Governor as he throws a party with a unique twist for the people of Woodbury.</Description>
        </Episode>
        <Episode>
            <Title>Killer Within</Title>
            <Image_Source>http://img2.tvtome.com/i/tve/em/2581154.jpg</Image_Source>
            <Description>The group is severed and lives are put in jeopardy. In Woodbury, Merle has a request for the Governor.</Description>
        </Episode>
        <Episode>
            <Title>Walk With Me</Title>
            <Image_Source>http://img2.tvtome.com/i/tve/em/2559724.jpg</Image_Source>
            <Description>After witnessing an accident, Andrea and Michonne are introduced to a new community of survivors. As conflicts arise with their new acquaintances, a decision must be made.</Description>
        </Episode>
        <Episode>
            <Title>Sick</Title>
            <Image_Source>http://img2.tvtome.com/i/tve/em/2559723.jpg</Image_Source>
            <Description>As Herschel's life hangs in the balance, Rick and the others have to deal with the realization that they are not the only living people in the prison.</Description>
        </Episode>
        <Episode>
            <Title>Seed</Title>
            <Image_Source>http://img2.tvtome.com/i/tve/em/2552731.jpg</Image_Source>
            <Description>The survivors continue the hunt for shelter and attempt to clear out an abandoned prison. But not all is what it seemed as time progresses.</Description>
        </Episode>
    </Season>
    <Season>
        <Season_Number>2</Season_Number>
        <Episode>
            <Title>Beside the Dying Fire</Title>
            <Image_Source>http://img2.tvtome.com/i/tve/em/2269185.jpg</Image_Source>
            <Description>The last shot from the previous episode alerts a nearby zombie horde to the survivors. In the ensuing chaos, the group is fractured and loyalties questioned.</Description>
        </Episode>
        <Episode>
            <Title>Better Angels</Title>
            <Image_Source>http://img2.tvtome.com/i/tve/em/2269183.jpg</Image_Source>
            <Description>Due to an unexpected death from the previous episode, the group decides to get organized and secure the farm. A final confrontation between Rick and Shane is put into motion.</Description>
        </Episode>
        <Episode>
            <Title>Judge, Jury, Executioner</Title>
            <Image_Source>http://img2.tvtome.com/i/tve/em/2269182.jpg</Image_Source>
            <Description>The situation about what to do with Randall is dividing the survivors. Daryl takes on the job of extracting information from Randall that reveals a new threat to the group. Dale goes about the group trying to convince the not to execute Randall.</Description>
        </Episode>
        <Episode>
            <Title>18 Miles Out</Title>
            <Image_Source>http://img2.tvtome.com/i/tve/em/1858212.jpg</Image_Source>
            <Description>The situation between Shane and Rick come to a head while Maggie grows concerned for Glen's feelings due to freezing up during a firefight.</Description>
        </Episode>
        <Episode>
            <Title>Triggerfinger</Title>
            <Image_Source>http://img2.tvtome.com/i/tve/em/1858211.jpg</Image_Source>
            <Description>Rick, Hershel, and Glenn find themselves trapped and having to battle against new foes, both walkers and living humans. Meanwhile, Shane attempts to bring Lori back to the farm.</Description>
        </Episode>
        <Episode>
            <Title>Nebraska</Title>
            <Image_Source>http://img2.tvtome.com/i/tve/em/1572496.jpg</Image_Source>
            <Description>After the destruction of his family, Herschel demands that Rick and his group leaves immediately. Shane and Rick's differences begin to openly erupt.</Description>
        </Episode>
        <Episode>
            <Title>Pretty Much Dead Already</Title>
            <Image_Source>http://img2.tvtome.com/i/tve/em/1402831.jpg</Image_Source>
            <Description>The secret of the Walkers in the barn is fully exposed and Shane forces a decision to be made about them. Herschel has given Rick an ultimatum that his group must leave.</Description>
        </Episode>
        <Episode>
            <Title>Secrets</Title>
            <Image_Source>http://img2.tvtome.com/i/tve/em/1402830.jpg</Image_Source>
            <Description>Revelations begin to come out among the members of the group. Shane teaches Andrea how to fire a weapon but the desire to put the past behind him and focus on survival eats at him. Glenn wrestles with keeping hisMORE</Description>
        </Episode>
        <Episode>
            <Title>Chupacabra</Title>
            <Image_Source>http://img2.tvtome.com/i/tve/em/1402829.jpg</Image_Source>
            <Description>Rick and Shane argue about whether the search for Sophia should end. Daryl gets hurt and has a hallucination involving someone from his past. Hershel warns Maggie to keep her distance from Rick's group. And Glenn finds out why Hershel doesn't want the group near the barn.</Description>
        </Episode>
        <Episode>
            <Title>Cherokee Rose</Title>
            <Image_Source>http://img2.tvtome.com/i/tve/em/1402828.jpg</Image_Source>
            <Description>The survivors have to deal with a huge walker that has fallen into one of the Greene Family's wells. The search for Sophia continues with Daryl finding a sign. Glenn and Maggie go into the town for some supplies, butMORE</Description>
        </Episode>
        <Episode>
            <Title>Save the Last One</Title>
            <Image_Source>http://img2.tvtome.com/i/tve/em/1401438.jpg</Image_Source>
            <Description>The Greene Family and the Grimes family wait for Otis and Shane to return with the medical supplies for Carl. Meanwhile, Shane and Otis find themselves trapped in a school with hungry walkers waiting to eat them. Finally, Daryl and Andrea continue the hunt for Sophia.</Description>
        </Episode>
        <Episode>
            <Title>Bloodletting</Title>
            <Image_Source>http://img2.tvtome.com/i/tve/em/1401437.jpg</Image_Source>
            <Description>Desperate to find help for Carl, Rick heads for Hershel's Farm. Meanwhile, the rest of the group continues to hunt for Sophia in the woods. Finally, Shane and Otis head into the nearby town to scavange supplies in order to save Carl's life.</Description>
        </Episode>
        <Episode>
            <Title>What Lies Ahead</Title>
            <Image_Source>http://img2.tvtome.com/i/tve/em/1395020.jpg</Image_Source>
            <Description>Rick leads the group out of Atlanta. On the highway, they are stopped by a threat unlike anything they have seen before. The group searches for someone who has gone missing.</Description>
        </Episode>
    </Season>
    <Season>
        <Season_Number>1</Season_Number>
        <Episode>
            <Title>TS-19</Title>
            <Image_Source>http://img2.tvtome.com/i/tve/em/1359705.jpg</Image_Source>
            <Description>An odd scientist lets the refugees into the Center for Disease Control. While they stay at the facility, everything seems peaceful, despite the events going on throughout the outside world. However, peace cannot last forever.</Description>
        </Episode>
        <Episode>
            <Title>Wildfire</Title>
            <Image_Source>http://img2.tvtome.com/i/tve/em/1359704.jpg</Image_Source>
            <Description>The group is led by their newest member to the Center for Disease Control while one of the members is forced to make a choice that has harsh consequences.</Description>
        </Episode>
        <Episode>
            <Title>Vatos</Title>
            <Image_Source>http://img2.tvtome.com/i/tve/em/1359703.jpg</Image_Source>
            <Description>Rick's mission to Atlanta is in danger when things go awry. Back at camp, Jim becomes unhinged.</Description>
        </Episode>
        <Episode>
            <Title>Tell It to the Frogs</Title>
            <Image_Source>http://img2.tvtome.com/i/tve/em/1357892.jpg</Image_Source>
            <Description>Rick makes a decision to go back to Atlanta to retrieve the bag of guns and save a man's life. Lori and Shane must deal with the surprising return of someone they thought was dead, which was also a surprise to Shane who has been having an affair with Lori.</Description>
        </Episode>
        <Episode>
            <Title>Guts</Title>
            <Image_Source>http://img2.tvtome.com/i/tve/em/1357784.jpg</Image_Source>
            <Description>Due to his gun toting arrival in Atlanta, Rick causes a group of survivors to be trapped by walkers. The group dynamic devolves from accusations to violence, as Rick must confront an enemy that is far more dangerous than the walkers themselves.</Description>
        </Episode>
        <Episode>
            <Title>Days Gone Bye</Title>
            <Image_Source>http://img2.tvtome.com/i/tve/em/1355050.jpg</Image_Source>
            <Description>Sheriff's deputy Rick Grimes wakes up in the hospital after having been shot while on duty and discovers that while he was in the hospital, something has happened which causes the bodies of the dead to reanimate and attack theMORE</Description>
        </Episode>
    </Season>
    <Season>
        <Season_Number>0</Season_Number>
    </Season>
</Seasons>